image_size,filter_size,mode,time_seconds
128x128,3,blur,0.000025
128x128,3,edge,0.000023
128x128,5,blur,0.000025
128x128,5,edge,0.000026
128x128,7,blur,0.000028
128x128,7,edge,0.000029
256x256,3,blur,0.000025
256x256,3,edge,0.000026
256x256,5,blur,0.000033
256x256,5,edge,0.000033
256x256,7,blur,0.000042
256x256,7,edge,0.000041
512x512,3,blur,0.000041
512x512,3,edge,0.000040
512x512,5,blur,0.000067
512x512,5,edge,0.000067
512x512,7,blur,0.000097
512x512,7,edge,0.000096
