image_size,filter_size,mode,cpu_time,gpu_time,python_cuda_time
128x128,5,blur,0.02968311309814453,0.2625234127044678,0.19517254829406738
256x256,5,blur,0.008344173431396484,0.19999909400939941,0.0007283687591552734
512x512,5,blur,0.026563405990600586,0.19939279556274414,0.0009343624114990234
2048x2048,5,blur,0.4075953960418701,0.2179551124572754,0.003650188446044922
4000x4000,5,blur,1.5610370635986328,0.25680017471313477,0.011124372482299805
8192x8192,5,blur,6.741639137268066,0.6354556083679199,0.04397463798522949
13000x13000,5,blur,17.086305379867554,1.5983021259307861,0.10516762733459473
