impl,N,time_seconds
naive,512,0.001232
naive,512,0.001229
naive,1024,0.009201
naive,1024,0.009192
naive,2048,0.075290
naive,2048,0.075142
cpu,512,0.188048
cpu,512,0.355417
cpu,1024,3.238557
cpu,1024,3.146575
cpu,2048,65.040075
cpu,2048,70.719726
tiled,512,0.000838
tiled,512,0.000845
tiled,1024,0.005892
tiled,1024,0.005892
tiled,2048,0.046420
tiled,2048,0.046403
cublas,512,0.002348
cublas,512,0.000886
cublas,1024,0.001613
cublas,1024,0.001671
cublas,2048,0.006833
cublas,2048,0.006824
